﻿Designator,Footprint,Quantity,Value,LCSC Part #
"C1, C10, C11, C12, C13, C14, C2, C6, C8, C9",0402,10,100n,C307331
"C15, C16",0603,2,30p,C1658
"C3, C7",0402,2,1u,C52923
"C4, C5",0805,2,10u,C15850
"D1, D2, D3, D4, D5, D6, D7, D8, D9",Diode_SOD123,9,D,C81598
J1,USB_C_Receptacle_Palconn_UTC16-G,1,USB_C_Receptacle_USB2.0_14P,C2988369
R1,0402,1,10k,C25744
"R2, R3",0402,2,5.1k,C25905
"R4, R8",0402,2,1k,C11702
"R5, R6",0603,2,27,C25190
R7,0402,1,DNF,
SW1,Tact_Switch_5.1_5.1mm_SMD,1,RESET,C318884
"SW10, SW3, SW4, SW5, SW6, SW7, SW8, SW9",SW_ChocV1_Hotswap_1.0u,8,SW_PUSH,
SW11,SW_ChocV1_Hotswap_1.50u,1,SW_PUSH,
SW12,RotaryEncoder_Alps_EC12E_Vertical_H20mm,1,RotaryEncoder,
SW2,Tact_Switch_5.1_5.1mm_SMD,1,BOOT,C318884
U1,SOT-223-3_TabPin2,1,NCP1117-3.3_SOT223,C6186
U2,RP2040-QFN-56,1,RP2040,C2040
U3,SOIC-8_5.23x5.23mm_P1.27mm,1,W25Q128JVS,C97521
Y1,Crystal_SMD_3225-4Pin_3.2x2.5mm,1,ABM8-272-T3,C9002
